year,approval
2017,48.932916
2018,49.902923
2019,49.523643
2020,53.161567000000005
